fold,features,mae,mse,r2,pearson
1,"('EState_VSA8', 'GGI3', 'nFHRing', 'nS')",1.116746381647467,1.9426734215404695,0.028036340053687714,0.41244291277045303
2,"('AACC', 'AGGC', 'UACG', 'Xp-7dv')",1.0662115843705924,1.7604506663936603,0.28116243541046215,0.5474608667968017
3,"('A-U,U-G', 'AACC', 'AGAG', 'BalabanJ')",1.3691828505233474,2.853615320749948,0.09123627963129677,0.36412149945552214
4,"('AACC', 'ATSC6pe', 'AXp-2d', 'EState_VSA8')",1.2649697391757848,1.9623858438120434,0.25343199255230575,0.530870278108746
5,"('CAAA', 'UACG', 'nC', 'nFHRing')",1.0709193157403507,1.7598432483634092,0.09649571804903312,0.5010098294400489
