fold,features,rmse,mae,pearson,spearman
1,"('EState_VSA8', 'GGI3', 'nFHRing', 'nS')",1.3937981997191953,1.116746381647467,0.41244291277045303,0.276674493041071
2,"('AACC', 'AGGC', 'UACG', 'Xp-7dv')",1.3268197565583881,1.0662115843705924,0.5474608667968017,0.37979190909030613
3,"('A-U,U-G', 'AACC', 'AGAG', 'BalabanJ')",1.689264727847577,1.3691828505233474,0.36412149945552214,0.27973176668145006
4,"('AACC', 'ATSC6pe', 'AXp-2d', 'EState_VSA8')",1.400851827929008,1.2649697391757848,0.530870278108746,0.5743224746783465
5,"('CAAA', 'UACG', 'nC', 'nFHRing')",1.3265908368307875,1.0709193157403507,0.5010098294400489,0.37385229965076805
