fold,features,mae,mse,r2,pearson
1,"('A,U-G', 'BertzCT', 'NaaNH', 'nS')",1.1251256194189847,2.3336375990703635,-0.1675719226045449,0.44462758710299444
2,"('A-U,U', 'AACC', 'UACG', 'nBondsKD')",1.3146584777752464,2.4591829168618493,-0.004148024470612688,0.29344354876871565
3,"('A-U,U-G', 'AACC', 'AGAG', 'BalabanJ')",1.3581107061226951,2.8161787865812355,0.10315833647669115,0.37275611292274063
4,"('ATSC6pe', 'G-C,U', 'PS_Feat_106', 'nBondsM')",1.2903716035137658,2.1449091000129745,0.18399303684210255,0.4346710119764957
5,"('AGGA', 'NaaNH', 'U-A,C', 'Xp-5d')",1.010023245221359,1.436682716845428,0.26240647416641716,0.5179315638631032
