fold,mae,mse,r2,pearson
1,8.775139622132796,166.558199441147,-82.33285220658104,0.066968058319039
2,2.453938996403429,8.081822180921435,-2.3000171404293055,0.2588295497242191
3,523739.0711032987,7680024632286.808,-2445784372759.5273,-0.017785252027939447
4,4.014245967379969,33.045257153727036,-11.571702892500888,-0.0555142051083897
5,2.128358941514061,9.83093371485655,-4.047205604936252,0.17542256679241508
